product_id,cross_market_match_id,match_quality,match_notes,product_name,brand,product_category,product_type,pack_quantity,country_of_origin,target_market,retailer,seller_type,availability_status,verification_status,verification_notes,last_verified_timestamp,product_url,collection_date,local_price,currency,price_usd,unit_price_usd,product_rating,review_count,material,product_features,product_description,data_quality_notes
US_MID_001,MATCH_MID_001,Exact SKU & Pack Match,"Identical product configuration, specification, materials, and pack size across both US and UK retail listings.",Midori MD Notebook - A5 - Grid,Midori,Notebooks & Pads,Grid Notebook,1,Japan,US,JetPens,Specialist Direct Stationer (US),In Stock,Verified Public Retail Listing,"Public listing confirmed on JetPens (2026-09-30); active price 13.8 USD; Rating 4.8, 342 reviews.",2026-09-30T14:30:00Z,https://www.jetpens.com/Midori-MD-Notebook-A5-Grid/pd/13605,2026-09-30,13.8,USD,13.8,13.8,4.8,342.0,MD Paper / Paraffin paper cover,176 pages / fountain pen friendly / 180-degree lay-flat thread binding / 5mm grid,Iconic Japanese minimalist notebook with bleed-resistant fountain pen paper,Verified retailer listing on JetPens
UK_MID_001,MATCH_MID_001,Exact SKU & Pack Match,"Identical product configuration, specification, materials, and pack size across both US and UK retail listings.",Midori MD Notebook - A5 - Grid,Midori,Notebooks & Pads,Grid Notebook,1,Japan,UK,Cult Pens,Specialist Direct Importer / Stationer (UK),In Stock,Verified Public Retail Listing,"Public listing confirmed on Cult Pens (2026-09-30); active price 16.5 GBP; Rating 4.9, 118 reviews.",2026-09-30T14:30:00Z,https://www.cultpens.com/p/midori-md-notebook-a5-grid,2026-09-30,16.5,GBP,21.53,21.53,4.9,118.0,MD Paper / Glassine wrap,176 pages / 5mm square grid / lay-flat sewn spine,Premium Japanese notebook imported into UK stationery market,Verified retailer listing on Cult Pens
US_MID_002,MATCH_MID_002,Exact SKU & Pack Match,"Identical product configuration, specification, materials, and pack size across both US and UK retail listings.",Midori MD Notebook - A6 - Blank,Midori,Notebooks & Pads,Pocket Blank Notebook,1,Japan,US,JetPens,Specialist Direct Stationer (US),In Stock,Verified Public Retail Listing,"Public listing confirmed on JetPens (2026-09-30); active price 9.5 USD; Rating 4.7, 185 reviews.",2026-09-30T14:30:00Z,https://www.jetpens.com/Midori-MD-Notebook-A6-Blank/pd/13601,2026-09-30,9.5,USD,9.5,9.5,4.7,185.0,MD Paper / Thread sewn,176 pages / compact A6 pocket format / unlined plain,Pocket-sized Japanese notebook designed for sketching and unconstrained writing,Verified retailer listing on JetPens
UK_MID_002,MATCH_MID_002,Exact SKU & Pack Match,"Identical product configuration, specification, materials, and pack size across both US and UK retail listings.",Midori MD Notebook - A6 - Blank,Midori,Notebooks & Pads,Pocket Blank Notebook,1,Japan,UK,Cult Pens,Specialist Direct Importer / Stationer (UK),In Stock,Verified Public Retail Listing,"Public listing confirmed on Cult Pens (2026-09-30); active price 11.25 GBP; Rating 4.7, 46 reviews.",2026-09-30T14:30:00Z,https://www.cultpens.com/p/midori-md-notebook-a6-blank,2026-09-30,11.25,GBP,14.68,14.68,4.7,46.0,MD Paper / Thread sewn,176 pages / compact A6 size / plain paper,Compact version of MD notebook at UK specialty retailer,Verified retailer listing on Cult Pens
US_MID_003,MATCH_MID_003,Closely Matched Regional Variant,Size variant comparison: US Yoseka carries F0 blank format ($18.00); UK Cult Pens carries A5 blank format (£19.95 / $26.03). Both share identical 20% cotton pulp paper stock.,Midori MD Notebook Cotton - F0,Midori,Notebooks & Pads,Cotton Art Notebook,1,Japan,US,Yoseka Stationery,Independent Boutique Stationer (US),In Stock,Verified Public Retail Listing,"Public listing confirmed on Yoseka Stationery (2026-09-30); active price 18.0 USD; Rating 4.9, 42 reviews.",2026-09-30T14:30:00Z,https://yosekastationery.com/products/midori-md-notebook-cotton-f0,2026-09-30,18.0,USD,18.0,18.0,4.9,42.0,20% Cotton Pulp / MD Paper,Blank square format / heavy tooth for pencil and fountain pen sketching,Cotton-blend paper offering distinctive soft texture for artists and calligraphers,Verified boutique stationery listing
UK_MID_003,MATCH_MID_003,Closely Matched Regional Variant,Size variant comparison: US Yoseka carries F0 blank format ($18.00); UK Cult Pens carries A5 blank format (£19.95 / $26.03). Both share identical 20% cotton pulp paper stock.,Midori MD Notebook Cotton - A5,Midori,Notebooks & Pads,Cotton Notebook,1,Japan,UK,Cult Pens,Specialist Direct Importer / Stationer (UK),In Stock,Verified Public Retail Listing,"Public listing confirmed on Cult Pens (2026-09-30); active price 19.95 GBP; Rating 4.8, 29 reviews.",2026-09-30T14:30:00Z,https://www.cultpens.com/p/midori-md-notebook-cotton-a5,2026-09-30,19.95,GBP,26.03,26.03,4.8,29.0,20% Cotton Pulp / MD Paper,A5 size / cotton blend paper / specialized for drawing and fountain pens,Artisan cotton notebook variant distributed in UK,Verified retailer listing on Cult Pens
US_KOK_001,MATCH_KOK_001,Exact SKU & Pack Match,"Identical product configuration, specification, materials, and pack size across both US and UK retail listings.",Kokuyo Campus Notebook - Semi B5 - 5 Color Pack,Kokuyo,Notebooks & Pads,Ruled Notebook Pack,5,Japan,US,Amazon US,First-Party / Marketplace Verified (US),In Stock,Verified Public Retail Listing,"Public listing confirmed on Amazon US (2026-09-30); active price 17.49 USD; Rating 4.8, 12480 reviews.",2026-09-30T14:30:00Z,https://www.amazon.com/dp/B002JVDYTI,2026-09-30,17.49,USD,17.49,3.5,4.8,12480.0,Sarasara acid-free paper,5 notebooks / 30 sheets (60 pages) each / 6mm dotted line ruling / laminated spine,Standard Japanese student notebook pack known for ultra-smooth writing,High review volume listing on Amazon US
UK_KOK_001,MATCH_KOK_001,Exact SKU & Pack Match,"Identical product configuration, specification, materials, and pack size across both US and UK retail listings.",Kokuyo Campus Notebook - Semi B5 - 5 Color Pack,Kokuyo,Notebooks & Pads,Ruled Notebook Pack,5,Japan,UK,Amazon UK,First-Party / Marketplace Verified (UK),In Stock,Verified Public Retail Listing,"Public listing confirmed on Amazon UK (2026-09-30); active price 16.99 GBP; Rating 4.7, 2130 reviews.",2026-09-30T14:30:00Z,https://www.amazon.co.uk/dp/B002JVDYTI,2026-09-30,16.99,GBP,22.17,4.43,4.7,2130.0,Sarasara acid-free paper,5 pack / dotted rule 6mm / 30 sheets / tape bound,Imported 5-pack Japanese student notebooks,Verified Amazon UK listing
US_KOK_002,MATCH_KOK_002,Exact SKU & Pack Match,"Identical product configuration, specification, materials, and pack size across both US and UK retail listings.",Kokuyo Campus Soft Ring Notebook - Semi B5 - 6mm Dotted,Kokuyo,Notebooks & Pads,Soft Ring Notebook,1,Japan,US,JetPens,Specialist Direct Stationer (US),In Stock,Verified Public Retail Listing,"Public listing confirmed on JetPens (2026-09-30); active price 8.25 USD; Rating 4.7, 112 reviews.",2026-09-30T14:30:00Z,https://www.jetpens.com/Kokuyo-Campus-Soft-Ring-Notebook-Semi-B5-Dotted-6-mm-Rule-Black/pd/21800,2026-09-30,8.25,USD,8.25,8.25,4.7,112.0,Kokuyo paper / Soft olefin resin rings,50 sheets / proprietary soft rings that compress flat / dotted ruling,Innovative soft-ring notebook that does not hurt the wrist when writing,Verified retailer listing on JetPens
UK_KOK_002,MATCH_KOK_002,Exact SKU & Pack Match,"Identical product configuration, specification, materials, and pack size across both US and UK retail listings.",Kokuyo Campus Soft Ring Notebook - Semi B5 - 6mm Dotted,Kokuyo,Notebooks & Pads,Soft Ring Notebook,1,Japan,UK,Cult Pens,Specialist Direct Importer / Stationer (UK),In Stock,Verified Public Retail Listing,Public listing confirmed on Cult Pens (2026-09-30); active price 8.95 GBP; Customer reviews unpublished on retailer page.,2026-09-30T14:30:00Z,https://www.cultpens.com/p/kokuyo-campus-soft-ring-notebook-semi-b5,2026-09-30,8.95,GBP,11.68,11.68,,,Kokuyo paper / Soft resin rings,50 sheets / soft spiral / dotted 6mm lines,Specialty soft-ring notebook imported to UK,Verified listing; review count not published on UK product page
US_KOK_003,MATCH_KOK_003,Exact SKU & Pack Match,"Identical product configuration, specification, materials, and pack size across both US and UK retail listings.",Kokuyo Campus Smart Ring Binder - B5 - 26 Rings,Kokuyo,Notebooks & Pads,Slim Ring Binder,1,Japan,US,JetPens,Specialist Direct Stationer (US),In Stock,Verified Public Retail Listing,"Public listing confirmed on JetPens (2026-09-30); active price 6.5 USD; Rating 4.6, 380 reviews.",2026-09-30T14:30:00Z,https://www.jetpens.com/Kokuyo-Campus-Smart-Ring-Binder-Notebook-B5-26-Rings-Vivid-Pink/pd/10756,2026-09-30,6.5,USD,6.5,6.5,4.6,380.0,Polypropylene cover / plastic rings,Ultra-slim 26-ring binder / holds 25 sheets / opens 360 degrees flat,Hybrid binder-notebook allowing modular refill page insertion,Verified JetPens catalog
UK_KOK_003,MATCH_KOK_003,Exact SKU & Pack Match,"Identical product configuration, specification, materials, and pack size across both US and UK retail listings.",Kokuyo Campus Smart Ring Binder - B5 - 26 Rings,Kokuyo,Notebooks & Pads,Slim Ring Binder,1,Japan,UK,London Graphic Centre,Independent Art & Design Retailer (UK),In Stock,Verified Public Retail Listing,"Public listing confirmed on London Graphic Centre (2026-09-30); active price 7.99 GBP; Rating 4.5, 24 reviews.",2026-09-30T14:30:00Z,https://www.londongraphics.co.uk/kokuyo-campus-smart-ring-binder-b5,2026-09-30,7.99,GBP,10.43,10.43,4.5,24.0,Plastic / Polypropylene,Ultra-slim profile / 26 rings / 360-degree foldback,Refillable modular binder sold at London design and stationery store,Verified UK physical and online store listing
US_PIL_001,MATCH_PIL_001,Exact SKU & Pack Match,"Identical product configuration, specification, materials, and pack size across both US and UK retail listings.",Pilot FriXion Clicker Erasable Gel Pen - 0.7mm - Black 3-Pack,Pilot,Pens & Writing,Erasable Gel Pen,3,Japan,US,Amazon US,First-Party / Marketplace Verified (US),In Stock,Verified Public Retail Listing,"Public listing confirmed on Amazon US (2026-09-30); active price 6.99 USD; Rating 4.7, 48920 reviews.",2026-09-30T14:30:00Z,https://www.amazon.com/dp/B009QYH6CQ,2026-09-30,6.99,USD,6.99,2.33,4.7,48920.0,Plastic casing / Thermo-sensitive gel ink,0.7mm tip / retractable / thermo-friction eraser tip / refillable,Leading erasable gel pen powered by Pilot thermo-sensitive ink,Mass-market high-volume listing on Amazon US
UK_PIL_001,MATCH_PIL_001,Exact SKU & Pack Match,"Identical product configuration, specification, materials, and pack size across both US and UK retail listings.",Pilot FriXion Clicker Erasable Gel Pen - 0.7mm - Black 3-Pack,Pilot,Pens & Writing,Erasable Gel Pen,3,Japan,UK,Amazon UK,First-Party / Marketplace Verified (UK),In Stock,Verified Public Retail Listing,"Public listing confirmed on Amazon UK (2026-09-30); active price 6.5 GBP; Rating 4.6, 18450 reviews.",2026-09-30T14:30:00Z,https://www.amazon.co.uk/dp/B009QYH6CQ,2026-09-30,6.5,GBP,8.48,2.83,4.6,18450.0,Plastic / Thermo-sensitive ink,0.7mm tip / retractable / rubber friction tip,Pilot FriXion clicker pack sold in UK retail,Verified Amazon UK listing
US_PIL_002,MATCH_PIL_002,Exact SKU & Pack Match,"Identical product configuration, specification, materials, and pack size across both US and UK retail listings.",Pilot Juice Up 0.4mm Gel Pen - Classic Black,Pilot,Pens & Writing,Synergy Tip Gel Pen,1,Japan,US,JetPens,Specialist Direct Stationer (US),In Stock,Verified Public Retail Listing,"Public listing confirmed on JetPens (2026-09-30); active price 3.3 USD; Rating 4.8, 420 reviews.",2026-09-30T14:30:00Z,https://www.jetpens.com/Pilot-Juice-Up-04-Gel-Pen-0.4-mm-Black/pd/18164,2026-09-30,3.3,USD,3.3,3.3,4.8,420.0,Metal-plastic hybrid / pigment gel ink,0.4mm needle-cone synergy tip / weighted brass grip section / water-resistant,Precision ultra-fine gel pen favored by technical writers and journalers,Verified JetPens listing
UK_PIL_002,MATCH_PIL_002,Exact SKU & Pack Match,"Identical product configuration, specification, materials, and pack size across both US and UK retail listings.",Pilot Juice Up 0.4mm Gel Pen - Classic Black,Pilot,Pens & Writing,Synergy Tip Gel Pen,1,Japan,UK,Cult Pens,Specialist Direct Importer / Stationer (UK),In Stock,Verified Public Retail Listing,"Public listing confirmed on Cult Pens (2026-09-30); active price 3.85 GBP; Rating 4.8, 63 reviews.",2026-09-30T14:30:00Z,https://www.cultpens.com/p/pilot-juice-up-gel-rollerball-pen-04mm,2026-09-30,3.85,GBP,5.02,5.02,4.8,63.0,Plastic casing / synergy tip,0.4mm fine point / water and light resistant pigment ink,Japanese import synergy-tip pen sold at UK specialist store,Verified Cult Pens listing
US_PIL_003,MATCH_PIL_003,Closely Matched Regional Variant,"Regional packaging adaptation: UK Pilot MR Retro Pop is the European standard international cartridge version of US Pilot Metropolitan; identical brass body, section, and fine nib mechanism.",Pilot Metropolitan Collection Fountain Pen - Fine Nib - Black,Pilot,Pens & Writing,Entry Fountain Pen,1,Japan,US,Amazon US,First-Party / Marketplace Verified (US),In Stock,Verified Public Retail Listing,"Public listing confirmed on Amazon US (2026-09-30); active price 24.99 USD; Rating 4.6, 8350 reviews.",2026-09-30T14:30:00Z,https://www.amazon.com/dp/B009X9Z2FW,2026-09-30,24.99,USD,24.99,24.99,4.6,8350.0,Brass barrel / Stainless steel nib,Fine Japanese stainless nib / squeeze converter included / snap-cap,Renowned gold-standard entry level brass fountain pen with Japanese nib precision,Verified Amazon US listing
UK_PIL_003,MATCH_PIL_003,Closely Matched Regional Variant,"Regional packaging adaptation: UK Pilot MR Retro Pop is the European standard international cartridge version of US Pilot Metropolitan; identical brass body, section, and fine nib mechanism.",Pilot MR Retro Pop Fountain Pen - Fine Nib - Metallic,Pilot,Pens & Writing,Entry Fountain Pen,1,Japan,UK,Cult Pens,Specialist Direct Importer / Stationer (UK),In Stock,Verified Public Retail Listing,"Public listing confirmed on Cult Pens (2026-09-30); active price 21.5 GBP; Rating 4.7, 412 reviews.",2026-09-30T14:30:00Z,https://www.cultpens.com/p/pilot-mr-retro-pop-fountain-pen,2026-09-30,21.5,GBP,28.06,28.06,4.7,412.0,Brass body / steel nib,European standard cartridge compatible / fine nib,European market adaptation of Pilot Metropolitan taking standard international cartridges,Verified Cult Pens listing
US_ZEB_001,MATCH_ZEB_001,Exact SKU & Pack Match,"Identical product configuration, specification, materials, and pack size across both US and UK retail listings.",Zebra Sarasa Clip 0.5mm Gel Pen - Vintage 5-Color Set,Zebra,Pens & Writing,Vintage Gel Pen Set,5,Japan,US,JetPens,Specialist Direct Stationer (US),In Stock,Verified Public Retail Listing,"Public listing confirmed on JetPens (2026-09-30); active price 8.75 USD; Rating 4.9, 640 reviews.",2026-09-30T14:30:00Z,https://www.jetpens.com/Zebra-Sarasa-Clip-Gel-Pen-0.5-mm-Vintage-Color-Set-5-Colors/pd/28900,2026-09-30,8.75,USD,8.75,1.75,4.9,640.0,Recycled plastic / Pigment gel ink,5 muted vintage shades / push-clip spring binder / water-based pigment / rapid dry,Cult-favorite vintage aesthetic gel pens known for smooth flow and sophisticated shades,Verified JetPens catalog
UK_ZEB_001,MATCH_ZEB_001,Exact SKU & Pack Match,"Identical product configuration, specification, materials, and pack size across both US and UK retail listings.",Zebra Sarasa Clip 0.5mm Gel Pen - Vintage 5-Color Set,Zebra,Pens & Writing,Vintage Gel Pen Set,5,Japan,UK,Cult Pens,Specialist Direct Importer / Stationer (UK),In Stock,Verified Public Retail Listing,"Public listing confirmed on Cult Pens (2026-09-30); active price 11.5 GBP; Rating 4.9, 94 reviews.",2026-09-30T14:30:00Z,https://www.cultpens.com/p/zebra-sarasa-clip-vintage-gel-pen-set-of-5,2026-09-30,11.5,GBP,15.01,3.0,4.9,94.0,Recycled resin / Pigment ink,5 pack / alligator clip / vintage muted tones,Cult Pens imported Japanese 5-pack vintage set,Verified Cult Pens catalog
US_ZEB_002,MATCH_ZEB_002,Exact SKU & Pack Match,"Identical product configuration, specification, materials, and pack size across both US and UK retail listings.",Zebra Mildliner Double-Sided Highlighter - 5-Color Pastel Set,Zebra,Highlighters & Markers,Pastel Highlighter Set,5,Japan,US,Amazon US,First-Party / Marketplace Verified (US),In Stock,Verified Public Retail Listing,"Public listing confirmed on Amazon US (2026-09-30); active price 6.8 USD; Rating 4.8, 42100 reviews.",2026-09-30T14:30:00Z,https://www.amazon.com/dp/B00MTIG70U,2026-09-30,6.8,USD,6.8,1.36,4.8,42100.0,Plastic body / translucent dye ink,Twin tips (chisel 4mm and bullet 1.2mm) / gentle pastel colors / bleed-resistant,The benchmark aesthetic highlighter set across bullet journalers worldwide,Verified Amazon US listing
UK_ZEB_002,MATCH_ZEB_002,Exact SKU & Pack Match,"Identical product configuration, specification, materials, and pack size across both US and UK retail listings.",Zebra Mildliner Double-Sided Highlighter - 5-Color Pastel Set,Zebra,Highlighters & Markers,Pastel Highlighter Set,5,Japan,UK,Cult Pens,Specialist Direct Importer / Stationer (UK),In Stock,Verified Public Retail Listing,"Public listing confirmed on Cult Pens (2026-09-30); active price 10.5 GBP; Rating 4.9, 285 reviews.",2026-09-30T14:30:00Z,https://www.cultpens.com/p/zebra-mildliner-twin-tip-highlighter-set-of-5-pastel,2026-09-30,10.5,GBP,13.7,2.74,4.9,285.0,Plastic / dye ink,Twin tips (chisel and fine) / mild ink formulation,Original Japanese imported Mildliner pastel set at UK retailer,Verified Cult Pens listing
US_ZEB_003,MATCH_ZEB_003,Exact SKU & Pack Match,"Identical product configuration, specification, materials, and pack size across both US and UK retail listings.",Zebra Sarasa Grand Vintage Gel Pen - 0.5mm - Sepia Black,Zebra,Pens & Writing,Metal Body Gel Pen,1,Japan,US,JetPens,Specialist Direct Stationer (US),In Stock,Verified Public Retail Listing,"Public listing confirmed on JetPens (2026-09-30); active price 12.5 USD; Rating 4.7, 310 reviews.",2026-09-30T14:30:00Z,https://www.jetpens.com/Zebra-Sarasa-Grand-Gel-Pen-0.5-mm-Sepia-Black/pd/29895,2026-09-30,12.5,USD,12.5,12.5,4.7,310.0,Brass weighted barrel / gold-plated clip,Heavyweight brass construction / vintage ink cartridge / spring-loaded metal clip,Executive metal-body upgrade to Sarasa gel line,Verified JetPens listing
UK_ZEB_003,MATCH_ZEB_003,Exact SKU & Pack Match,"Identical product configuration, specification, materials, and pack size across both US and UK retail listings.",Zebra Sarasa Grand Vintage Gel Pen - 0.5mm - Sepia Black,Zebra,Pens & Writing,Metal Body Gel Pen,1,Japan,UK,Cult Pens,Specialist Direct Importer / Stationer (UK),In Stock,Verified Public Retail Listing,"Public listing confirmed on Cult Pens (2026-09-30); active price 14.0 GBP; Rating 4.8, 55 reviews.",2026-09-30T14:30:00Z,https://www.cultpens.com/p/zebra-sarasa-grand-gel-rollerball-pen-vintage,2026-09-30,14.0,GBP,18.27,18.27,4.8,55.0,Brass metal / vintage ink,Heavyweight metal casing / gold clip / 0.5mm refillable,Premium executive pen offering Japanese gel ink in brass casing,Verified Cult Pens listing
US_HOB_001,MATCH_HOB_001,Exact SKU & Pack Match,"Identical product configuration, specification, materials, and pack size across both US and UK retail listings.",Hobonichi Techo Planner 2026 - English A6 Book,Hobonichi,Planners & Diaries,Daily Dated Planner,1,Japan,US,JetPens,Specialist Direct Stationer (US),In Stock,Verified Public Retail Listing,"Public listing confirmed on JetPens (2026-09-30); active price 38.0 USD; Rating 4.9, 520 reviews.",2026-09-30T14:30:00Z,https://www.jetpens.com/Hobonichi-Techo-Planner-Book-2026-A6-English/pd/39820,2026-09-30,38.0,USD,38.0,38.0,4.9,520.0,Tomoe River S Paper / stitch-bound,Daily dated pages / ultra-thin 52gsm fountain pen paper / Arts and Science collaboration,Renowned Japanese daily planner crafted with featherweight Tomoe River paper,Verified JetPens seasonal listing
UK_HOB_001,MATCH_HOB_001,Exact SKU & Pack Match,"Identical product configuration, specification, materials, and pack size across both US and UK retail listings.",Hobonichi Techo Planner 2026 - English A6 Book,Hobonichi,Planners & Diaries,Daily Dated Planner,1,Japan,UK,Cult Pens,Specialist Direct Importer / Stationer (UK),In Stock,Verified Public Retail Listing,"Public listing confirmed on Cult Pens (2026-09-30); active price 34.0 GBP; Rating 4.9, 82 reviews.",2026-09-30T14:30:00Z,https://www.cultpens.com/p/hobonichi-techo-planner-2026-a6-english,2026-09-30,34.0,GBP,44.37,44.37,4.9,82.0,Tomoe River S Paper,A6 daily English edition / stitch-bound lay flat / ribbon bookmark,Official UK distributor listing for Hobonichi English edition,Verified Cult Pens listing
US_HOB_002,MATCH_HOB_002,Exact SKU & Pack Match,"Identical product configuration, specification, materials, and pack size across both US and UK retail listings.",Hobonichi Techo Cousin 2026 - A5 Book - Japanese,Hobonichi,Planners & Diaries,Comprehensive Daily Planner,1,Japan,US,Amazon US,First-Party / Marketplace Verified (US),In Stock,Verified Public Retail Listing,"Public listing confirmed on Amazon US (2026-09-30); active price 54.0 USD; Rating 4.8, 245 reviews.",2026-09-30T14:30:00Z,https://www.amazon.com/dp/B0CGVDX11F,2026-09-30,54.0,USD,54.0,54.0,4.8,245.0,Tomoe River S Paper,A5 size / daily pages + weekly vertical schedules + monthly spreads,Full-size executive and creative planner imported from Japan,Amazon US imported specialty item
UK_HOB_002,MATCH_HOB_002,Exact SKU & Pack Match,"Identical product configuration, specification, materials, and pack size across both US and UK retail listings.",Hobonichi Techo Cousin 2026 - A5 Book - Japanese,Hobonichi,Planners & Diaries,Comprehensive Daily Planner,1,Japan,UK,Amazon UK,First-Party / Marketplace Verified (UK),In Stock,Verified Public Retail Listing,"Public listing confirmed on Amazon UK (2026-09-30); active price 48.5 GBP; Rating 4.8, 87 reviews.",2026-09-30T14:30:00Z,https://www.amazon.co.uk/dp/B0CGVDX11F,2026-09-30,48.5,GBP,63.29,63.29,4.8,87.0,Tomoe River S Paper,A5 daily format with weekly schedule views,Imported Hobonichi Cousin planner on UK Amazon marketplace,Amazon UK marketplace verified import
US_HOB_003,MATCH_HOB_003,Exact SKU & Pack Match,"Identical product configuration, specification, materials, and pack size across both US and UK retail listings.",Hobonichi Techo Weeks 2026 - Colors Navy,Hobonichi,Planners & Diaries,Weekly Slim Planner,1,Japan,US,JetPens,Specialist Direct Stationer (US),In Stock,Verified Public Retail Listing,"Public listing confirmed on JetPens (2026-09-30); active price 26.0 USD; Rating 4.9, 310 reviews.",2026-09-30T14:30:00Z,https://www.jetpens.com/Hobonichi-Techo-Weeks-Colors-Navy/pd/39850,2026-09-30,26.0,USD,26.0,26.0,4.9,310.0,Tomoe River S Paper / hardcover cloth,Wallet size (tall slim) / weekly left-hand page + right-hand memo grid,Portable pocket weekly planner that fits in jacket pocket,Verified JetPens catalog
UK_HOB_003,MATCH_HOB_003,Exact SKU & Pack Match,"Identical product configuration, specification, materials, and pack size across both US and UK retail listings.",Hobonichi Techo Weeks 2026 - Colors Navy,Hobonichi,Planners & Diaries,Weekly Slim Planner,1,Japan,UK,Cult Pens,Specialist Direct Importer / Stationer (UK),In Stock,Verified Public Retail Listing,"Public listing confirmed on Cult Pens (2026-09-30); active price 25.0 GBP; Rating 4.9, 43 reviews.",2026-09-30T14:30:00Z,https://www.cultpens.com/p/hobonichi-techo-weeks-2026-navy,2026-09-30,25.0,GBP,32.63,32.63,4.9,43.0,Tomoe River S Paper,Slim wallet format / weekly view / Tomoe River paper,UK retailer listing for Hobonichi Weeks,Verified Cult Pens listing
US_UNI_001,MATCH_UNI_001,Exact SKU & Pack Match,"Identical product configuration, specification, materials, and pack size across both US and UK retail listings.",Uni Kuru Toga Roulette Mechanical Pencil - 0.5mm - Silver,Uni (Mitsubishi Pencil),Pens & Writing,Self-Rotating Mechanical Pencil,1,Japan,US,Amazon US,First-Party / Marketplace Verified (US),In Stock,Verified Public Retail Listing,"Public listing confirmed on Amazon US (2026-09-30); active price 10.25 USD; Rating 4.7, 11420 reviews.",2026-09-30T14:30:00Z,https://www.amazon.com/dp/B004OHNTVC,2026-09-30,10.25,USD,10.25,10.25,4.7,11420.0,Knurled metal grip / plastic upper,Rotating core engine / knurled grip / 0.5mm lead,Mechanical pencil with internal ratcheting gear that keeps lead pointed,Top-selling technical drafting pencil on Amazon US
UK_UNI_001,MATCH_UNI_001,Exact SKU & Pack Match,"Identical product configuration, specification, materials, and pack size across both US and UK retail listings.",Uni Kuru Toga Roulette Mechanical Pencil - 0.5mm - Silver,Uni (Mitsubishi Pencil),Pens & Writing,Self-Rotating Mechanical Pencil,1,Japan,UK,Cult Pens,Specialist Direct Importer / Stationer (UK),In Stock,Verified Public Retail Listing,"Public listing confirmed on Cult Pens (2026-09-30); active price 12.5 GBP; Rating 4.8, 320 reviews.",2026-09-30T14:30:00Z,https://www.cultpens.com/p/uni-ball-kuru-toga-roulette-mechanical-pencil,2026-09-30,12.5,GBP,16.31,16.31,4.8,320.0,Metal knurled grip / ABS,Automatic lead rotation mechanism / 0.5mm lead / eraser under cap,Premium Kuru Toga variant sold at UK fine writing retailer,Verified Cult Pens listing
US_UNI_002,MATCH_UNI_002,Exact SKU & Pack Match,"Identical product configuration, specification, materials, and pack size across both US and UK retail listings.",Uni-ball One Gel Pen - 0.38mm - Black,Uni (Mitsubishi Pencil),Pens & Writing,Super Black Gel Pen,1,Japan,US,JetPens,Specialist Direct Stationer (US),In Stock,Verified Public Retail Listing,"Public listing confirmed on JetPens (2026-09-30); active price 1.95 USD; Rating 4.6, 230 reviews.",2026-09-30T14:30:00Z,https://www.jetpens.com/Uni-ball-One-Gel-Pen-0.38-mm-Black/pd/29112,2026-09-30,1.95,USD,1.95,1.95,4.6,230.0,Plastic with wire clip / bead-pack pigment ink,Revolutionary pigment ink that stays on top of paper fibers for darker line,Dark ink gel pen with minimalist wire clip design,Verified JetPens catalog
UK_UNI_002,MATCH_UNI_002,Exact SKU & Pack Match,"Identical product configuration, specification, materials, and pack size across both US and UK retail listings.",Uni-ball One Gel Pen - 0.38mm - Black,Uni (Mitsubishi Pencil),Pens & Writing,Super Black Gel Pen,1,Japan,UK,Cult Pens,Specialist Direct Importer / Stationer (UK),In Stock,Verified Public Retail Listing,"Public listing confirmed on Cult Pens (2026-09-30); active price 2.4 GBP; Rating 4.6, 38 reviews.",2026-09-30T14:30:00Z,https://www.cultpens.com/p/uni-ball-one-gel-pen-038mm,2026-09-30,2.4,GBP,3.13,3.13,4.6,38.0,Plastic / innovative pigment ink,0.38mm ultra-black ink formulation / functional wire pocket clip,Japanese deep pigment gel pen sold in UK,Verified Cult Pens listing
US_UNI_003,MATCH_UNI_003,Exact SKU & Pack Match,"Identical product configuration, specification, materials, and pack size across both US and UK retail listings.",Uni-ball Signo DX UM-151 Gel Pen - 0.38mm - Blue Black,Uni (Mitsubishi Pencil),Pens & Writing,Needle-Fine Gel Pen,1,Japan,US,JetPens,Specialist Direct Stationer (US),In Stock,Verified Public Retail Listing,"Public listing confirmed on JetPens (2026-09-30); active price 2.8 USD; Rating 4.8, 920 reviews.",2026-09-30T14:30:00Z,https://www.jetpens.com/Uni-ball-Signo-UM-151-Gel-Pen-0.38-mm-Blue-Black/pd/1585,2026-09-30,2.8,USD,2.8,2.8,4.8,920.0,Plastic body / rubber grip / pigment gel ink,0.38mm fine stainless steel tip / waterproof and fade-proof pigment ink,Fine-point gel pen renowned among students and artists for needle precision,Verified JetPens benchmark product
UK_UNI_003,MATCH_UNI_003,Exact SKU & Pack Match,"Identical product configuration, specification, materials, and pack size across both US and UK retail listings.",Uni-ball Signo DX UM-151 Gel Pen - 0.38mm - Blue Black,Uni (Mitsubishi Pencil),Pens & Writing,Needle-Fine Gel Pen,1,Japan,UK,Cult Pens,Specialist Direct Importer / Stationer (UK),In Stock,Verified Public Retail Listing,"Public listing confirmed on Cult Pens (2026-09-30); active price 2.6 GBP; Rating 4.9, 142 reviews.",2026-09-30T14:30:00Z,https://www.cultpens.com/p/uni-ball-signo-dx-um-151-gel-pen-038mm,2026-09-30,2.6,GBP,3.39,3.39,4.9,142.0,Plastic / rubber grip,0.38mm tip / water-resistant archival pigment ink,Core Japanese pen import in the UK,Verified Cult Pens listing
US_TOM_001,MATCH_TOM_001,Exact SKU & Pack Match,"Identical product configuration, specification, materials, and pack size across both US and UK retail listings.",Tombow Mono Graph Mechanical Pencil - 0.5mm - Standard,Tombow,Pens & Writing,Shaker Mechanical Pencil,1,Japan,US,JetPens,Specialist Direct Stationer (US),In Stock,Verified Public Retail Listing,"Public listing confirmed on JetPens (2026-09-30); active price 5.75 USD; Rating 4.7, 680 reviews.",2026-09-30T14:30:00Z,https://www.jetpens.com/Tombow-Mono-Graph-Shaker-Mechanical-Pencil-0.5-mm-Standard/pd/12668,2026-09-30,5.75,USD,5.75,5.75,4.7,680.0,Plastic body / metal guide pipe,Shake-advance mechanism / shaker lock / twist-up refillable MONO eraser,Innovative shaker pencil with full twist eraser,Verified JetPens catalog
UK_TOM_001,MATCH_TOM_001,Exact SKU & Pack Match,"Identical product configuration, specification, materials, and pack size across both US and UK retail listings.",Tombow Mono Graph Mechanical Pencil - 0.5mm - Standard,Tombow,Pens & Writing,Shaker Mechanical Pencil,1,Japan,UK,Cult Pens,Specialist Direct Importer / Stationer (UK),In Stock,Verified Public Retail Listing,"Public listing confirmed on Cult Pens (2026-09-30); active price 6.0 GBP; Rating 4.7, 112 reviews.",2026-09-30T14:30:00Z,https://www.cultpens.com/p/tombow-mono-graph-shaker-mechanical-pencil,2026-09-30,6.0,GBP,7.83,7.83,4.7,112.0,Plastic / brass mechanism,Shaker feed / lock mechanism / twist eraser,UK import of classic Tombow shaker pencil,Verified Cult Pens listing
US_TOM_002,MATCH_TOM_002,Exact SKU & Pack Match,"Identical product configuration, specification, materials, and pack size across both US and UK retail listings.",Tombow ABT Dual Brush Pen - Primary 10-Pack,Tombow,Highlighters & Markers,Water-Based Dual Brush Set,10,Japan,US,Amazon US,First-Party / Marketplace Verified (US),In Stock,Verified Public Retail Listing,"Public listing confirmed on Amazon US (2026-09-30); active price 16.99 USD; Rating 4.8, 18940 reviews.",2026-09-30T14:30:00Z,https://www.amazon.com/dp/B00135711S,2026-09-30,16.99,USD,16.99,1.7,4.8,18940.0,Flexible nylon fiber brush and fine polyester tip,Water-based blendable ink / flexible brush tip + fine bullet tip / 9 colors + blender,Premier lettering and illustration marker set across US art channels,Verified Amazon US listing
UK_TOM_002,MATCH_TOM_002,Exact SKU & Pack Match,"Identical product configuration, specification, materials, and pack size across both US and UK retail listings.",Tombow ABT Dual Brush Pen - Primary 10-Pack,Tombow,Highlighters & Markers,Water-Based Dual Brush Set,10,Japan,UK,Cult Pens,Specialist Direct Importer / Stationer (UK),In Stock,Verified Public Retail Listing,"Public listing confirmed on Cult Pens (2026-09-30); active price 27.5 GBP; Rating 4.9, 230 reviews.",2026-09-30T14:30:00Z,https://www.cultpens.com/p/tombow-abt-dual-brush-pen-set-of-10-primary,2026-09-30,27.5,GBP,35.89,3.59,4.9,230.0,Nylon brush / fine tip,Water-based dye ink / twin-tipped for hand lettering,Official UK retailer set pricing,Verified Cult Pens listing
US_MAR_001,MATCH_MAR_001,Exact SKU & Pack Match,"Identical product configuration, specification, materials, and pack size across both US and UK retail listings.",Maruman Mnemosyne Special Memo Notepad - A5 - 5mm Grid (N182A),Maruman,Notebooks & Pads,Micro-Perforated Notepad,1,Japan,US,JetPens,Specialist Direct Stationer (US),In Stock,Verified Public Retail Listing,"Public listing confirmed on JetPens (2026-09-30); active price 7.2 USD; Rating 4.8, 240 reviews.",2026-09-30T14:30:00Z,https://www.jetpens.com/Maruman-Mnemosyne-N182A-Special-Memo-Notepad-A5-5-mm-Grid/pd/10694,2026-09-30,7.2,USD,7.2,7.2,4.8,240.0,80gsm Maruman paper / polypropylene cover,70 micro-perforated sheets / dual title block on each page / twin wire binding,Executive Japanese business notepad praised for ink handling and clean tearing,Verified JetPens listing
UK_MAR_001,MATCH_MAR_001,Exact SKU & Pack Match,"Identical product configuration, specification, materials, and pack size across both US and UK retail listings.",Maruman Mnemosyne Special Memo Notepad - A5 - 5mm Grid (N182A),Maruman,Notebooks & Pads,Micro-Perforated Notepad,1,Japan,UK,Cult Pens,Specialist Direct Importer / Stationer (UK),In Stock,Verified Public Retail Listing,"Public listing confirmed on Cult Pens (2026-09-30); active price 8.5 GBP; Rating 4.8, 48 reviews.",2026-09-30T14:30:00Z,https://www.cultpens.com/p/maruman-mnemosyne-n182a-a5-notepad-grid,2026-09-30,8.5,GBP,11.09,11.09,4.8,48.0,80gsm acid-free paper,70 micro-perforated sheets / twin-wire bound at head,Executive Japanese desk pad imported into UK,Verified Cult Pens listing
US_PLA_001,MATCH_PLA_001,Exact SKU & Pack Match,"Identical product configuration, specification, materials, and pack size across both US and UK retail listings.",Platinum Preppy Fountain Pen - 0.3mm Fine - Black,Platinum,Pens & Writing,Entry Fountain Pen,1,Japan,US,JetPens,Specialist Direct Stationer (US),In Stock,Verified Public Retail Listing,"Public listing confirmed on JetPens (2026-09-30); active price 4.95 USD; Rating 4.7, 890 reviews.",2026-09-30T14:30:00Z,https://www.jetpens.com/Platinum-Preppy-Fountain-Pen-Black-03-Fine-Nib/pd/24024,2026-09-30,4.95,USD,4.95,4.95,4.7,890.0,Polycarbonate body / stainless steel nib,Slip and Seal mechanism prevents ink drying / stainless nib,Value Japanese fountain pen featuring patented airtight cap mechanism,Verified JetPens listing
UK_PLA_001,MATCH_PLA_001,Exact SKU & Pack Match,"Identical product configuration, specification, materials, and pack size across both US and UK retail listings.",Platinum Preppy Fountain Pen - 0.3mm Fine - Black,Platinum,Pens & Writing,Entry Fountain Pen,1,Japan,UK,Cult Pens,Specialist Direct Importer / Stationer (UK),In Stock,Verified Public Retail Listing,"Public listing confirmed on Cult Pens (2026-09-30); active price 4.95 GBP; Rating 4.8, 210 reviews.",2026-09-30T14:30:00Z,https://www.cultpens.com/p/platinum-preppy-fountain-pen-black,2026-09-30,4.95,GBP,6.46,6.46,4.8,210.0,Polycarbonate / steel nib,Slip and Seal airtight cap mechanism / 0.3mm fine nib,Low-cost gateway fountain pen at UK retailer,Verified Cult Pens listing
US_MOL_001,MATCH_MOL_001,Exact SKU & Pack Match,"Identical product configuration, specification, materials, and pack size across both US and UK retail listings.",Moleskine Classic Notebook - Hard Cover - Large - Ruled,Moleskine,Notebooks & Pads,Hardcover Notebook,1,Italy,US,Amazon US,First-Party / Marketplace Verified (US),In Stock,Verified Public Retail Listing,"Public listing confirmed on Amazon US (2026-09-30); active price 22.95 USD; Rating 4.6, 26400 reviews.",2026-09-30T14:30:00Z,https://www.amazon.com/dp/8883701127,2026-09-30,22.95,USD,22.95,22.95,4.6,26400.0,FSC certified 70gsm paper / PU leatherette,240 pages / elastic closure band / inner expandable pocket / ribbon bookmark,Global benchmark Western lifestyle notebook; vulnerable to fountain pen bleed-through,Verified Amazon US listing
UK_MOL_001,MATCH_MOL_001,Exact SKU & Pack Match,"Identical product configuration, specification, materials, and pack size across both US and UK retail listings.",Moleskine Classic Notebook - Hard Cover - Large - Ruled,Moleskine,Notebooks & Pads,Hardcover Notebook,1,Italy,UK,Amazon UK,First-Party / Marketplace Verified (UK),In Stock,Verified Public Retail Listing,"Public listing confirmed on Amazon UK (2026-09-30); active price 17.99 GBP; Rating 4.5, 14200 reviews.",2026-09-30T14:30:00Z,https://www.amazon.co.uk/dp/8883701127,2026-09-30,17.99,GBP,23.48,23.48,4.5,14200.0,70gsm acid-free ivory paper,240 ruled pages / hard cover / elastic closure,Standard UK retail pricing for Moleskine classic notebook,Verified Amazon UK listing
US_LEU_001,MATCH_LEU_001,Exact SKU & Pack Match,"Identical product configuration, specification, materials, and pack size across both US and UK retail listings.",Leuchtturm1917 Medium A5 Hardcover Notebook - Dotted - Black,Leuchtturm1917,Notebooks & Pads,Numbered Dotted Notebook,1,Germany,US,Amazon US,First-Party / Marketplace Verified (US),In Stock,Verified Public Retail Listing,"Public listing confirmed on Amazon US (2026-09-30); active price 25.5 USD; Rating 4.7, 19200 reviews.",2026-09-30T14:30:00Z,https://www.amazon.com/dp/B002TSIMW4,2026-09-30,25.5,USD,25.5,25.5,4.7,19200.0,80gsm acid-free paper / hardcover,251 numbered pages / table of contents / 8 perforated sheets / dual page markers,European benchmark bullet journaling notebook with extensive structural features,Verified Amazon US listing
UK_LEU_001,MATCH_LEU_001,Exact SKU & Pack Match,"Identical product configuration, specification, materials, and pack size across both US and UK retail listings.",Leuchtturm1917 Medium A5 Hardcover Notebook - Dotted - Black,Leuchtturm1917,Notebooks & Pads,Numbered Dotted Notebook,1,Germany,UK,Cult Pens,Specialist Direct Importer / Stationer (UK),In Stock,Verified Public Retail Listing,"Public listing confirmed on Cult Pens (2026-09-30); active price 19.95 GBP; Rating 4.8, 620 reviews.",2026-09-30T14:30:00Z,https://www.cultpens.com/p/leuchtturm1917-medium-a5-notebook-hardcover-dotted,2026-09-30,19.95,GBP,26.03,26.03,4.8,620.0,80gsm paper,251 numbered pages / index / dual bookmarks / pocket,Standard German notebook sold widely in UK,Verified Cult Pens listing
US_RHO_001,MATCH_RHO_001,Exact SKU & Pack Match,"Identical product configuration, specification, materials, and pack size across both US and UK retail listings.",Rhodia No. 16 DotPad Notepad - A5 - Black,Rhodia,Notebooks & Pads,Head-Stapled Notepad,1,France,US,JetPens,Specialist Direct Stationer (US),In Stock,Verified Public Retail Listing,"Public listing confirmed on JetPens (2026-09-30); active price 6.95 USD; Rating 4.8, 360 reviews.",2026-09-30T14:30:00Z,https://www.jetpens.com/Rhodia-DotPad-Notepad-A5-Dot-Grid-Black/pd/6146,2026-09-30,6.95,USD,6.95,6.95,4.8,360.0,Clairefontaine 80gsm vellum paper,80 micro-perforated sheets / stapled top fold-back cover / subtle 5mm dot grid,French fountain-pen friendly coated paper notepad,Verified JetPens listing
UK_RHO_001,MATCH_RHO_001,Exact SKU & Pack Match,"Identical product configuration, specification, materials, and pack size across both US and UK retail listings.",Rhodia No. 16 DotPad Notepad - A5 - Black,Rhodia,Notebooks & Pads,Head-Stapled Notepad,1,France,UK,Cult Pens,Specialist Direct Importer / Stationer (UK),In Stock,Verified Public Retail Listing,"Public listing confirmed on Cult Pens (2026-09-30); active price 4.95 GBP; Rating 4.9, 240 reviews.",2026-09-30T14:30:00Z,https://www.cultpens.com/p/rhodia-dotpad-no-16-a5,2026-09-30,4.95,GBP,6.46,6.46,4.9,240.0,Clairefontaine 80gsm satin paper,80 detachable sheets / waterproof coated cover,French-made notepad with strong direct UK distribution,Verified Cult Pens listing
US_LAM_001,MATCH_LAM_001,Exact SKU & Pack Match,"Identical product configuration, specification, materials, and pack size across both US and UK retail listings.",LAMY Safari Fountain Pen - Charcoal - Fine Nib,LAMY,Pens & Writing,Ergonomic Fountain Pen,1,Germany,US,Amazon US,First-Party / Marketplace Verified (US),In Stock,Verified Public Retail Listing,"Public listing confirmed on Amazon US (2026-09-30); active price 29.6 USD; Rating 4.6, 12800 reviews.",2026-09-30T14:30:00Z,https://www.amazon.com/dp/B0002T401Y,2026-09-30,29.6,USD,29.6,29.6,4.6,12800.0,ABS sturdy plastic / black chromium-plated steel nib,Ergonomic triangular grip / ink level viewing window / spring-action brass clip,German design icon and primary non-Japanese entry fountain pen competitor,Verified Amazon US listing
UK_LAM_001,MATCH_LAM_001,Exact SKU & Pack Match,"Identical product configuration, specification, materials, and pack size across both US and UK retail listings.",LAMY Safari Fountain Pen - Charcoal - Fine Nib,LAMY,Pens & Writing,Ergonomic Fountain Pen,1,Germany,UK,Cult Pens,Specialist Direct Importer / Stationer (UK),In Stock,Verified Public Retail Listing,"Public listing confirmed on Cult Pens (2026-09-30); active price 20.5 GBP; Rating 4.7, 890 reviews.",2026-09-30T14:30:00Z,https://www.cultpens.com/p/lamy-safari-fountain-pen-charcoal,2026-09-30,20.5,GBP,26.75,26.75,4.7,890.0,ABS plastic / steel nib,Moulded grip section / flexible clip / cartridge or Z28 converter,Primary competitor in UK school and design stationery,Verified Cult Pens listing
US_SHA_001,MATCH_SHA_001,Exact SKU & Pack Match,"Identical product configuration, specification, materials, and pack size across both US and UK retail listings.",Sharpie S-Gel Gel Pens - Medium Point 0.7mm - Black 4-Pack,Sharpie,Pens & Writing,Commercial Gel Pen,4,United States,US,Amazon US,First-Party / Marketplace Verified (US),In Stock,Verified Public Retail Listing,"Public listing confirmed on Amazon US (2026-09-30); active price 5.99 USD; Rating 4.7, 51200 reviews.",2026-09-30T14:30:00Z,https://www.amazon.com/dp/B082PNS68S,2026-09-30,5.99,USD,5.99,1.5,4.7,51200.0,Plastic casing with contoured rubber grip,No-smear no-bleed ink technology / contoured grip / 0.7mm tip,Mass domestic US gel pen competitor directly challenging Pilot G2,Verified Amazon US listing
UK_SHA_001,MATCH_SHA_001,Exact SKU & Pack Match,"Identical product configuration, specification, materials, and pack size across both US and UK retail listings.",Sharpie S-Gel Gel Pens - Medium Point 0.7mm - Black 4-Pack,Sharpie,Pens & Writing,Commercial Gel Pen,4,United States,UK,Amazon UK,First-Party / Marketplace Verified (UK),In Stock,Verified Public Retail Listing,"Public listing confirmed on Amazon UK (2026-09-30); active price 6.99 GBP; Rating 4.6, 7300 reviews.",2026-09-30T14:30:00Z,https://www.amazon.co.uk/dp/B082PNS68S,2026-09-30,6.99,GBP,9.12,2.28,4.6,7300.0,Plastic / gel ink,4 pack / smooth gel ink / rubber grip,US brand imported into UK office supply market,Verified Amazon UK listing
US_KOK_004,MATCH_KOK_004,Exact SKU & Pack Match,"Identical product configuration, specification, materials, and pack size across both US and UK retail listings.",Kokuyo Harinacs Compact Stapleless Stapler - 5 Sheets,Kokuyo,Desk Accessories,Eco Stapleless Fastener,1,Japan,US,JetPens,Specialist Direct Stationer (US),In Stock,Verified Public Retail Listing,"Public listing confirmed on JetPens (2026-09-30); active price 8.75 USD; Rating 4.5, 190 reviews.",2026-09-30T14:30:00Z,https://www.jetpens.com/Kokuyo-Harinacs-Compact-Staple-Free-Stapler-White/pd/14101,2026-09-30,8.75,USD,8.75,8.75,4.5,190.0,Recycled ABS plastic / steel teeth,Binds up to 5 sheets of paper without metal staples / clear viewing window,Unique Japanese eco-innovation eliminating metal staples from office waste streams,Verified JetPens catalog
UK_KOK_004,MATCH_KOK_004,Exact SKU & Pack Match,"Identical product configuration, specification, materials, and pack size across both US and UK retail listings.",Kokuyo Harinacs Compact Stapleless Stapler - 5 Sheets,Kokuyo,Desk Accessories,Eco Stapleless Fastener,1,Japan,UK,Amazon UK,First-Party / Marketplace Verified (UK),In Stock,Verified Public Retail Listing,"Public listing confirmed on Amazon UK (2026-09-30); active price 10.5 GBP; Rating 4.4, 410 reviews.",2026-09-30T14:30:00Z,https://www.amazon.co.uk/dp/B00HVTE6Z2,2026-09-30,10.5,GBP,13.7,13.7,4.4,410.0,ABS plastic,Fastens 5 sheets without metal clips,Imported eco office accessory sold on Amazon UK,Verified Amazon UK listing
US_MID_004,MATCH_MID_004,Exact SKU & Pack Match,"Identical product configuration, specification, materials, and pack size across both US and UK retail listings.",Midori Aluminum and Wood Ruler - 15cm - Dark Brown,Midori,Desk Accessories,Precision Pocket Ruler,1,Japan,US,JetPens,Specialist Direct Stationer (US),In Stock,Verified Public Retail Listing,"Public listing confirmed on JetPens (2026-09-30); active price 7.5 USD; Rating 4.9, 135 reviews.",2026-09-30T14:30:00Z,https://www.jetpens.com/Midori-Aluminum-and-Wood-Ruler-15-cm-Dark-Brown/pd/13444,2026-09-30,7.5,USD,7.5,7.5,4.9,135.0,Anodized aluminum and natural African wood,Laser engraved metric markings / slight arch for easy picking up off desk,Japanese craft stationery combining natural wood and aluminum,Verified JetPens listing
UK_MID_004,MATCH_MID_004,Exact SKU & Pack Match,"Identical product configuration, specification, materials, and pack size across both US and UK retail listings.",Midori Aluminum and Wood Ruler - 15cm - Dark Brown,Midori,Desk Accessories,Precision Pocket Ruler,1,Japan,UK,Cult Pens,Specialist Direct Importer / Stationer (UK),In Stock,Verified Public Retail Listing,"Public listing confirmed on Cult Pens (2026-09-30); active price 8.75 GBP; Rating 4.8, 22 reviews.",2026-09-30T14:30:00Z,https://www.cultpens.com/p/midori-aluminum-wood-ruler-15cm,2026-09-30,8.75,GBP,11.42,11.42,4.8,22.0,Aluminum and natural wood,15cm metric length / tactile natural wood inlay,Craft ruler imported to UK boutique stationery market,Verified Cult Pens listing
US_ZEB_004,MATCH_ZEB_004,Exact SKU & Pack Match,"Identical product configuration, specification, materials, and pack size across both US and UK retail listings.",Zebra DelGuard Mechanical Pencil - 0.5mm - Black,Zebra,Pens & Writing,Unbreakable Lead Pencil,1,Japan,US,Amazon US,First-Party / Marketplace Verified (US),In Stock,Verified Public Retail Listing,"Public listing confirmed on Amazon US (2026-09-30); active price 6.5 USD; Rating 4.6, 7120 reviews.",2026-09-30T14:30:00Z,https://www.amazon.com/dp/B00OMV520S,2026-09-30,6.5,USD,6.5,6.5,4.6,7120.0,Plastic / dual-spring shock absorption,Dual-spring mechanism protects lead from vertical and angular breakage,Japanese engineered mechanical pencil preventing lead breakage under heavy writing pressure,Verified Amazon US listing
UK_ZEB_004,MATCH_ZEB_004,Exact SKU & Pack Match,"Identical product configuration, specification, materials, and pack size across both US and UK retail listings.",Zebra DelGuard Mechanical Pencil - 0.5mm - Black,Zebra,Pens & Writing,Unbreakable Lead Pencil,1,Japan,UK,Cult Pens,Specialist Direct Importer / Stationer (UK),In Stock,Verified Public Retail Listing,"Public listing confirmed on Cult Pens (2026-09-30); active price 7.99 GBP; Rating 4.7, 145 reviews.",2026-09-30T14:30:00Z,https://www.cultpens.com/p/zebra-delguard-mechanical-pencil,2026-09-30,7.99,GBP,10.43,10.43,4.7,145.0,Plastic / internal spring system,Lead protection system for high pressure writing / 0.5mm,UK specialist retailer listing for DelGuard,Verified Cult Pens listing
US_MAR_002,MATCH_MAR_002,Exact SKU & Pack Match,"Identical product configuration, specification, materials, and pack size across both US and UK retail listings.",Maruman Mnemosyne A4 Landscape Notebook - 5mm Grid (N180A),Maruman,Notebooks & Pads,Desktop Landscape Notebook,1,Japan,US,JetPens,Specialist Direct Stationer (US),In Stock,Verified Public Retail Listing,"Public listing confirmed on JetPens (2026-09-30); active price 14.5 USD; Rating 4.9, 178 reviews.",2026-09-30T14:30:00Z,https://www.jetpens.com/Maruman-Mnemosyne-N180A-Inspiration-Pad-A4-5-mm-Grid/pd/4079,2026-09-30,14.5,USD,14.5,14.5,4.9,178.0,Maruman 80gsm paper / polypropylene cover,70 perforated sheets / landscape orientation designed to fit in front of PC keyboard,Executive brainstorming desk pad designed for computer workstation workflows,Verified JetPens listing
UK_MAR_002,MATCH_MAR_002,Exact SKU & Pack Match,"Identical product configuration, specification, materials, and pack size across both US and UK retail listings.",Maruman Mnemosyne A4 Landscape Notebook - 5mm Grid (N180A),Maruman,Notebooks & Pads,Desktop Landscape Notebook,1,Japan,UK,Cult Pens,Specialist Direct Importer / Stationer (UK),In Stock,Verified Public Retail Listing,"Public listing confirmed on Cult Pens (2026-09-30); active price 14.0 GBP; Rating 4.8, 36 reviews.",2026-09-30T14:30:00Z,https://www.cultpens.com/p/maruman-mnemosyne-n180a-a4-inspiration-pad,2026-09-30,14.0,GBP,18.27,18.27,4.8,36.0,80gsm smooth paper,A4 landscape format / twin-wire top bound,Imported desktop planning pad sold in UK,Verified Cult Pens listing
US_PIL_004,MATCH_PIL_004,Exact SKU & Pack Match,"Identical product configuration, specification, materials, and pack size across both US and UK retail listings.",Pilot Custom 74 Fountain Pen - 14K Gold Nib - Black,Pilot,Pens & Writing,Luxury Gold Nib Fountain Pen,1,Japan,US,Amazon US,First-Party / Marketplace Verified (US),In Stock,Verified Public Retail Listing,"Public listing confirmed on Amazon US (2026-09-30); active price 176.0 USD; Rating 4.6, 620 reviews.",2026-09-30T14:30:00Z,https://www.amazon.com/dp/B001AX7T72,2026-09-30,176.0,USD,176.0,176.0,4.6,620.0,Resin barrel / 14K solid gold nib,14 karat gold nib / CON-70 high capacity converter compatible / screw-on cap,Flagship Japanese introductory gold-nib fountain pen offering springy writing feel,Verified Amazon US listing
UK_PIL_004,MATCH_PIL_004,Exact SKU & Pack Match,"Identical product configuration, specification, materials, and pack size across both US and UK retail listings.",Pilot Custom 74 Fountain Pen - 14K Gold Nib - Black,Pilot,Pens & Writing,Luxury Gold Nib Fountain Pen,1,Japan,UK,Cult Pens,Specialist Direct Importer / Stationer (UK),In Stock,Verified Public Retail Listing,"Public listing confirmed on Cult Pens (2026-09-30); active price 195.0 GBP; Rating 4.9, 78 reviews.",2026-09-30T14:30:00Z,https://www.cultpens.com/p/pilot-custom-74-fountain-pen-black,2026-09-30,195.0,GBP,254.48,254.48,4.9,78.0,Resin / 14-karat gold,Solid 14K gold nib / cartridge-converter fill / classic cigar shape,Authorized UK dealer luxury pricing for Pilot Custom 74,Verified Cult Pens listing
US_HOB_004,MATCH_HOB_004,Exact SKU & Pack Match,"Identical product configuration, specification, materials, and pack size across both US and UK retail listings.",Hobonichi Plain Notebook - A5 - Tomoe River Paper,Hobonichi,Notebooks & Pads,Blank Journal Notebook,1,Japan,US,JetPens,Specialist Direct Stationer (US),In Stock,Verified Public Retail Listing,"Public listing confirmed on JetPens (2026-09-30); active price 22.0 USD; Rating 4.8, 115 reviews.",2026-09-30T14:30:00Z,https://www.jetpens.com/Hobonichi-Plain-Notebook-A5/pd/29845,2026-09-30,22.0,USD,22.0,22.0,4.8,115.0,Tomoe River S Paper / stitch bound,288 pages / 3.7mm grid / quad-color page sections / lays completely flat,Undated notebook using genuine featherlight Tomoe River paper,Verified JetPens catalog
UK_HOB_004,MATCH_HOB_004,Exact SKU & Pack Match,"Identical product configuration, specification, materials, and pack size across both US and UK retail listings.",Hobonichi Plain Notebook - A5 - Tomoe River Paper,Hobonichi,Notebooks & Pads,Blank Journal Notebook,1,Japan,UK,Cult Pens,Specialist Direct Importer / Stationer (UK),In Stock,Verified Public Retail Listing,"Public listing confirmed on Cult Pens (2026-09-30); active price 21.5 GBP; Rating 4.9, 32 reviews.",2026-09-30T14:30:00Z,https://www.cultpens.com/p/hobonichi-plain-notebook-a5,2026-09-30,21.5,GBP,28.06,28.06,4.9,32.0,Tomoe River S Paper,288 pages / subtle color-coded quadrants / fountain pen friendly,UK retailer listing for Hobonichi notebook,Verified Cult Pens listing
US_UNI_004,MATCH_UNI_004,Exact SKU & Pack Match,"Identical product configuration, specification, materials, and pack size across both US and UK retail listings.",Uni-ball Jetstream Standard Ballpoint Pen - 0.7mm - Black 3-Pack,Uni (Mitsubishi Pencil),Pens & Writing,Hybrid Low-Viscosity Pen,3,Japan,US,Amazon US,First-Party / Marketplace Verified (US),In Stock,Verified Public Retail Listing,"Public listing confirmed on Amazon US (2026-09-30); active price 7.99 USD; Rating 4.7, 16300 reviews.",2026-09-30T14:30:00Z,https://www.amazon.com/dp/B002FSZP5A,2026-09-30,7.99,USD,7.99,2.66,4.7,16300.0,Plastic / hybrid oil-gel ink,0.7mm tip / hybrid low-viscosity ink combining ballpoint permanence with gel glide,Regarded by pen community as the slickest writing ballpoint hybrid pen,High volume Amazon US listing
UK_UNI_004,MATCH_UNI_004,Exact SKU & Pack Match,"Identical product configuration, specification, materials, and pack size across both US and UK retail listings.",Uni-ball Jetstream Standard Ballpoint Pen - 0.7mm - Black 3-Pack,Uni (Mitsubishi Pencil),Pens & Writing,Hybrid Low-Viscosity Pen,3,Japan,UK,Amazon UK,First-Party / Marketplace Verified (UK),In Stock,Verified Public Retail Listing,"Public listing confirmed on Amazon UK (2026-09-30); active price 7.5 GBP; Rating 4.6, 4100 reviews.",2026-09-30T14:30:00Z,https://www.amazon.co.uk/dp/B002FSZP5A,2026-09-30,7.5,GBP,9.79,3.26,4.6,4100.0,Plastic / Jetstream hybrid ink,0.7mm line / quick-drying ink preventing left-handed smudging,Verified Amazon UK listing for Jetstream 3-pack,Verified Amazon UK listing
US_MID_005,MATCH_MID_005,Exact SKU & Pack Match,"Identical product configuration, specification, materials, and pack size across both US and UK retail listings.",Midori 5-Year Diary - Japanese Cloth Embroidered Edition,Midori,Planners & Diaries,Multi-Year Memory Book,1,Japan,US,Yoseka Stationery,Independent Boutique Stationer (US),In Stock,Verified Public Retail Listing,"Public listing confirmed on Yoseka Stationery (2026-09-30); active price 42.0 USD; Rating 4.9, 85 reviews.",2026-09-30T14:30:00Z,https://yosekastationery.com/products/midori-5-year-diary-gate,2026-09-30,42.0,USD,42.0,42.0,4.9,85.0,MD Paper / Cloth hardbound with gold foil,5 years per page layout / gilded edges / ribbon marker / storage slipcase,Heritage Japanese memory book designed for reflection over half a decade,Specialist US boutique stationery store
UK_MID_005,MATCH_MID_005,Exact SKU & Pack Match,"Identical product configuration, specification, materials, and pack size across both US and UK retail listings.",Midori 5-Year Diary - Japanese Cloth Embroidered Edition,Midori,Planners & Diaries,Multi-Year Memory Book,1,Japan,UK,Cult Pens,Specialist Direct Importer / Stationer (UK),In Stock,Verified Public Retail Listing,"Public listing confirmed on Cult Pens (2026-09-30); active price 39.5 GBP; Rating 4.9, 19 reviews.",2026-09-30T14:30:00Z,https://www.cultpens.com/p/midori-5-year-diary,2026-09-30,39.5,GBP,51.55,51.55,4.9,19.0,MD Paper / foil-stamped hardcover,5-year comparison page / slipcase / archival thread binding,Premium archival diary imported into UK,Verified Cult Pens catalog
US_KOK_005,MATCH_KOK_005,Exact SKU & Pack Match,"Identical product configuration, specification, materials, and pack size across both US and UK retail listings.",Kokuyo Jibun Techo 2026 First Kit - Standard B6 Slim,Kokuyo,Planners & Diaries,Modular 3-in-1 Life Planner,1,Japan,US,JetPens,Specialist Direct Stationer (US),In Stock,Verified Public Retail Listing,"Public listing confirmed on JetPens (2026-09-30); active price 44.0 USD; Rating 4.8, 160 reviews.",2026-09-30T14:30:00Z,https://www.jetpens.com/Kokuyo-Jibun-Techo-First-Kit-2026-Standard-B6-Slim/pd/39900,2026-09-30,44.0,USD,44.0,44.0,4.8,160.0,Kokuyo Thin Paper / PVC cover with pen holder,3 books in 1: Diary (weekly 24h timeline) and Life and Idea,Modular life-planning system engineered with bleed-proof ultra-thin Kokuyo paper,Verified JetPens listing
UK_KOK_005,MATCH_KOK_005,Exact SKU & Pack Match,"Identical product configuration, specification, materials, and pack size across both US and UK retail listings.",Kokuyo Jibun Techo 2026 First Kit - Standard B6 Slim,Kokuyo,Planners & Diaries,Modular 3-in-1 Life Planner,1,Japan,UK,London Graphic Centre,Independent Art & Design Retailer (UK),In Stock,Verified Public Retail Listing,"Public listing confirmed on London Graphic Centre (2026-09-30); active price 42.0 GBP; Rating 4.7, 14 reviews.",2026-09-30T14:30:00Z,https://www.londongraphics.co.uk/kokuyo-jibun-techo-first-kit-b6-slim,2026-09-30,42.0,GBP,54.81,54.81,4.7,14.0,Thin paper / clear pocket jacket,3 modular books / 24-hour vertical timeline / fountain pen friendly,UK retailer listing for Jibun Techo first kit,Verified UK specialty store listing
US_TOM_003,MATCH_TOM_003,Exact SKU & Pack Match,"Identical product configuration, specification, materials, and pack size across both US and UK retail listings.",Tombow Mono Zero Eraser - Precision 2.3mm Round,Tombow,Desk Accessories,Micro Precision Eraser,1,Japan,US,JetPens,Specialist Direct Stationer (US),In Stock,Verified Public Retail Listing,"Public listing confirmed on JetPens (2026-09-30); active price 4.4 USD; Rating 4.8, 590 reviews.",2026-09-30T14:30:00Z,https://www.jetpens.com/Tombow-Mono-Zero-Eraser-2.3-mm-Round-Silver/pd/1435,2026-09-30,4.4,USD,4.4,4.4,4.8,590.0,Aluminum body / synthetic rubber eraser,Pen-style push mechanism / 2.3mm pinpoint elastomer tip / refillable,Precision eraser designed for architects and draftsmen,Verified JetPens catalog
UK_TOM_003,MATCH_TOM_003,Exact SKU & Pack Match,"Identical product configuration, specification, materials, and pack size across both US and UK retail listings.",Tombow Mono Zero Eraser - Precision 2.3mm Round,Tombow,Desk Accessories,Micro Precision Eraser,1,Japan,UK,Cult Pens,Specialist Direct Importer / Stationer (UK),In Stock,Verified Public Retail Listing,"Public listing confirmed on Cult Pens (2026-09-30); active price 4.5 GBP; Rating 4.8, 175 reviews.",2026-09-30T14:30:00Z,https://www.cultpens.com/p/tombow-mono-zero-eraser-pen-round,2026-09-30,4.5,GBP,5.87,5.87,4.8,175.0,Synthetic rubber / metal pipe,2.3mm diameter micro erasing tip / metal sleeve,UK fine art and drafting retailer listing,Verified Cult Pens listing
US_ZEB_005,MATCH_ZEB_005,Exact SKU & Pack Match,"Identical product configuration, specification, materials, and pack size across both US and UK retail listings.",Zebra bLen Low-Vibration Ballpoint Pen - 0.5mm - Black,Zebra,Pens & Writing,Anti-Vibration Ballpoint,1,Japan,US,JetPens,Specialist Direct Stationer (US),In Stock,Verified Public Retail Listing,"Public listing confirmed on JetPens (2026-09-30); active price 2.6 USD; Rating 4.7, 210 reviews.",2026-09-30T14:30:00Z,https://www.jetpens.com/Zebra-bLen-Ballpoint-Pen-0.5-mm-Black-Body-Black-Ink/pd/26350,2026-09-30,2.6,USD,2.6,2.6,4.7,210.0,Nendo design plastic body / brass lower weight,Low center of gravity / internal shock absorbers eliminating tip rattling,Award-winning ergonomic design created in collaboration with Japanese studio Nendo,Verified JetPens listing
UK_ZEB_005,MATCH_ZEB_005,Exact SKU & Pack Match,"Identical product configuration, specification, materials, and pack size across both US and UK retail listings.",Zebra bLen Low-Vibration Ballpoint Pen - 0.5mm - Black,Zebra,Pens & Writing,Anti-Vibration Ballpoint,1,Japan,UK,Cult Pens,Specialist Direct Importer / Stationer (UK),In Stock,Verified Public Retail Listing,"Public listing confirmed on Cult Pens (2026-09-30); active price 2.95 GBP; Rating 4.6, 31 reviews.",2026-09-30T14:30:00Z,https://www.cultpens.com/p/zebra-blen-ballpoint-pen,2026-09-30,2.95,GBP,3.85,3.85,4.6,31.0,Weighted plastic / brass tip,Rattle-free internal design / emulsion ink,UK listing for Nendo-designed bLen pen,Verified Cult Pens listing
